{"cameraMode":{"drawMode":0,"name":"Shaded","section":"Shading Mode"},"sceneLighting":true,"audioPlay":false,"sceneViewState":{"showFog":true,"showMaterialUpdate":true,"showSkybox":true,"showFlares":true,"showImageEffects":true,"showParticleSystems":true},"in2DMode":false,"pivot":{"x":30.88393783569336,"y":13.935260772705079,"z":9.289813041687012},"rotation":{"x":-0.17308424413204194,"y":0.0209730863571167,"z":0.0036866613663733007,"w":0.9846774339675903},"size":12.373360633850098,"orthographic":false}