{"cameraMode":{"drawMode":0,"name":"Shaded","section":"Shading Mode"},"sceneLighting":false,"audioPlay":false,"sceneViewState":{"showFog":true,"showMaterialUpdate":true,"showSkybox":false,"showFlares":true,"showImageEffects":true,"showParticleSystems":true},"in2DMode":false,"pivot":{"x":0.07229247689247132,"y":0.022604724392294885,"z":-0.0012356137158349157},"rotation":{"x":0.34800294041633608,"y":0.016873465850949289,"z":-0.006264713127166033,"w":0.9373212456703186},"size":0.634813129901886,"orthographic":true}