{"cameraMode":{"drawMode":0,"name":"Shaded","section":"Shading Mode"},"sceneLighting":true,"audioPlay":false,"sceneViewState":{"showFog":true,"showMaterialUpdate":true,"showSkybox":true,"showFlares":true,"showImageEffects":true,"showParticleSystems":true},"in2DMode":false,"pivot":{"x":112.89218139648438,"y":59.71369934082031,"z":-143.8347930908203},"rotation":{"x":0.04348629713058472,"y":-0.0014987306203693152,"z":0.00006520850001834333,"w":0.9990532994270325},"size":68.37633514404297,"orthographic":true}