{"cameraMode":{"drawMode":0,"name":"Shaded","section":"Shading Mode"},"sceneLighting":true,"audioPlay":false,"sceneViewState":{"showFog":true,"showMaterialUpdate":false,"showSkybox":true,"showFlares":true,"showImageEffects":true,"showParticleSystems":true},"in2DMode":false,"pivot":{"x":30.21176528930664,"y":-2.3646392822265627,"z":43.81211471557617},"rotation":{"x":-0.480940580368042,"y":-0.17597022652626038,"z":0.09919606149196625,"w":-0.8531663417816162},"size":37.35582733154297,"orthographic":false}